会社名,雇用形態,年収/給与
株式会社綜合キャリアオプション ,正社員,500万円～650万円
東京エムケイ株式会社 ,正社員,450万円～550万円
エーアイアールグループ合同募集 ,正社員,450万円～1000万円
三井住友トラスト不動産株式会社 ,正社員,350万円～750万円
UTエイム株式会社 ,正社員,300万円～500万円
株式会社アウトソーシングテクノロジー ,正社員,300万円～500万円
株式会社サニックス ,正社員,【1】中京・関西 月給29万1千円 【2】九州・中国・四国 月給26万6千円 ※上記に別途、歩合給、報奨金あ…
株式会社ビッグモーター ,正社員,300万円～1000万円
株式会社花山工務店 ,正社員,【経験者】月給45万円〜＋賞与 【未経験】月給30万円〜＋賞与 ※上記は最低保証金額です ※経験・年齢・…
株式会社ビッグモーター ,正社員,300万円～550万円
株式会社グランレブリー ,正社員,500万円～1000万円
UTエイム株式会社 ,正社員,300万円～500万円
株式会社ビッグモーター ,正社員,330万円～1500万円
株式会社ビッグモーター ,正社員,330万円～1500万円
株式会社ビッグモーター ,正社員,300万円～550万円
株式会社貴順 ,業務委託,100万円～1000万円
株式会社エムピーキッチン ,正社員,300万円～600万円
株式会社アイダ設計 ,正社員,【月給】20万円〜30万円 ※当初6ヵ月間は契約社員(給与は同額)その後、正社員として雇用 【入社時月収例…
株式会社ヤマダホールディングス ,契約社員,500万円～2000万円
株式会社ユタカホーム ,正社員,400万円～600万円
JTA株式会社 ,正社員,500万円～1000万円
UTエイム株式会社 ,正社員,300万円～500万円
サングローブ株式会社 ,正社員,350万円～1000万円
株式会社free mova,正社員,400万円～600万円
株式会社あいらいふ ,正社員,350万円～600万円
株式会社T-TOP ,正社員,◆完全週休2日制／月給25万円〜 ◆隔週休2日制／月給28万円〜 ＜モデル月収例＞ 月収50万円／20代／入…
株式会社NST ,正社員,450万円～700万円
株式会社タウンハウジング ,正社員,350万円～600万円
株式会社優誠 ,正社員,300万円～850万円
株式会社ビッグモーター ,正社員,300万円～700万円
株式会社ヤマダホールディングス ,契約社員,500万円～2000万円
UTエイム株式会社 ,正社員,300万円～500万円
株式会社PGSホーム ,正社員,400万円～1000万円
JCSロジスコ株式会社 ,業務委託,300万円～1000万円
株式会社PGSホーム ,正社員,400万円～1000万円
株式会社イー・トラスト ,正社員,500万円～1000万円
株式会社コシダカ ,正社員,300万円～850万円
株式会社エストゥルース ,正社員,400万円～2000万円
益三建設株式会社 ,正社員,300万円～500万円
DSP株式会社 ,正社員,300万円～400万円
東建コーポレーション株式会社 ,正社員,400万円～800万円
株式会社ビッグモーター ,正社員,300万円～1000万円
株式会社ハマエンジニアリング ,正社員,280万円～400万円
エフエルシープレミアム株式会社 ,正社員,400万円～1000万円
株式会社建築資料研究社 ,正社員,350万円～550万円
株式会社エー・エス・エル ,正社員,400万円～800万円
DSP株式会社 ,正社員,400万円～1000万円
東建コーポレーション株式会社 ,正社員,400万円～800万円
株式会社アイエスエフネット ,正社員,306万円～1000万円
株式会社山崎機械店 ,正社員,300万円～600万円
株式会社リロパートナーズ ,正社員,500万円～700万円
インターギアソリューション株式会社 ,業務委託,400万円～1100万円
株式会社コシダカ ,正社員,300万円～850万円
株式会社コシダカ ,正社員,300万円～850万円
株式会社メディオテクノ ,正社員,300万円～500万円
株式会社アイエスエフネット ,正社員,450万円～1000万円
センコー株式会社 ,正社員,500万円～1300万円
株式会社アイエスエフネット ,正社員,480万円～1000万円
株式会社ライジングサンセキュリティーサービス ,正社員,300万円～500万円
ソフトバンク営業職合同募集 ,正社員,【東京】 月給25万円~40万円＋インセンティブ 【北海道】 月給21万円~25万円＋インセンティブ 【東北】…
ソフトバンク営業職合同募集 ,正社員,【東京】 月給25万円~40万円＋インセンティブ 【北海道】 月給21万円~25万円＋インセンティブ 【東北】…
株式会社コシダカ ,正社員,300万円～850万円
株式会社ミュゼプラチナム ,正社員,350万円～450万円
日研トータルソーシング株式会社 ,正社員,月給22万円〜＋残業手当（100％支給）＋賞与2回 ■残業手当は100％支給します！ 入社後、1ヵ月半(研修期…
株式会社アキュラホーム ,正社員,800万円～1000万円
UTコンストラクション株式会社 ,正社員,350万円～650万円
株式会社誠進堂 ,正社員,400万円～1000万円
株式会社アキュラホーム,正社員,350万円～650万円
KUROFUNE＆PARTNERS株式会社 ,正社員,500万円～700万円
日研トータルソーシング株式会社 ,正社員,"●大学卒：月給184,000円 ●専門卒：月給180,000円 ●中学卒・高校卒：月給170,000円 ★経験・能力に応じ…"
株式会社 High mind ,正社員,350万円～800万円
株式会社そら ,正社員,300万円～550万円
株式会社アサンテ ,正社員,450万円～550万円
UTエイム株式会社 ,正社員,300万円～500万円
株式会社フレックス ,正社員,◆月給20万円〜30万円 ＋ 諸手当 ＋ 賞与（年2回）＋報奨金 ★月収40万円も可能！ ※月給は最低支給額…
株式会社サカイ引越センター ,正社員,400万円～550万円
UTエイム株式会社 ,正社員,300万円～500万円
ロイヤルハウジング株式会社 ,正社員,480万円～1000万円
株式会社ビッグモーター ,正社員,300万円～1000万円
株式会社フレックス ,正社員,◆月給20万円〜30万円 ＋ 諸手当 ＋ 賞与（年2回）＋報奨金 ★月収40万円も可能！ ※月給は最低支給額…
株式会社フレックス ,正社員,◆月給20万円〜30万円 ＋ 諸手当 ＋ 賞与（年2回）＋報奨金 　 ★月収40万円も可能！ ※月給は最低支給…
株式会社モリシン電気設備 ,正社員,400万円～600万円
株式会社ライジングサンセキュリティーサービス ,正社員,300万円～600万円
株式会社修優舘 ,正社員,360万円～700万円
株式会社ビッグモーター ,正社員,300万円～550万円
DSP株式会社 ,正社員,400万円～1000万円
株式会社ビッグモーター ,正社員,300万円～550万円
ソフトバンク営業職合同募集 ,正社員,【東京】 月給25万円~40万円＋インセンティブ 【北海道】 月給21万円~25万円＋インセンティブ 【東北】…
エスリード株式会社 ,正社員,450万円～1000万円
大阪第一交通株式会社 ,正社員,400万円～600万円
有限会社グリーンアンドハウス ,正社員,450万円～780万円
株式会社グラスト ,正社員,300万円～400万円
株式会社HIPOWER ,正社員,350万円～600万円
株式会社インターレイズ ,正社員,280万円～350万円
株式会社エージェントゲート ,正社員,300万円～1000万円
東京エムケイ株式会社 ,正社員,450万円～550万円
株式会社エージェントゲート ,正社員,250万円～600万円
株式会社テイクス ,正社員,300万円～650万円
株式会社テイクス ,正社員,300万円～650万円
株式会社ネオキャリア ,正社員,360万円～700万円
株式会社アーキ・ジャパン ,正社員,600万円～1000万円
株式会社エージェントゲート ,正社員,300万円～1000万円
株式会社建築資料研究社 ,正社員,350万円～550万円
株式会社ラビット・カーネットワーク ,正社員,400万円～700万円
株式会社アミ―クス ,FCオーナー,完全出来高制となります。 施工原価はわずかな塗料等の材料費だけなので利益率が高いのが特徴。 例えば…
株式会社一条工務店 ,正社員,450万円～800万円
株式会社テクトン ,正社員,360万円～840万円
ヒカリ電気土木株式会社 ,正社員,400万円～700万円
株式会社九州エネコ ,正社員,400万円～750万円
光電気工事株式会社 ,正社員,300万円～650万円
UTエイム株式会社 ,正社員,300万円～500万円
株式会社近畿住宅流通 ,正社員,450万円～800万円
UTコンストラクション株式会社 ,正社員,300万円～650万円
小金井不動産株式会社 ,正社員,300万円～1000万円
東建コーポレーション株式会社 ,正社員,400万円～800万円
日本eリモデル株式会社 ,正社員,300万円～700万円
UTエイム株式会社 ,正社員,300万円～500万円
東建コーポレーション株式会社 ,正社員,400万円～800万円
株式会社ゴールドファステート ,正社員,450万円～2000万円
UTエイム株式会社 ,正社員,300万円～500万円
株式会社アール・エム ,正社員,400万円～700万円
UTエイム株式会社 ,正社員,300万円～500万円
HITOWAライフパートナー株式会社 ,FCオーナー,"【収入例（あくまでも個人開業の場合の一例です）】 売上：976,000円−（原価：49,000円＋販管費：307,70…"
株式会社ワールドコーポレーション,正社員,350万円～500万円
株式会社レアリス ,正社員,280万円～350万円
株式会社砂建 ,正社員,★2つの働き方が選べます。 ▼週休2日制 【月給】24万〜55万円＋諸手当 ▼完全週休2日制 【月給】22万…
大同生命保険株式会社 ,正社員,初任給 月給16万〜25万円＋諸手当(地域・能力により異なる) ※試用期間2ヶ月あり（条件変更なし） ＜＜ …
株式会社ワールドコーポレーション ,正社員,350万円～500万円
大和総合住設株式会社 ,正社員,350万円～800万円
日本交通株式会社 ,正社員,試用期間中：月給25万円（3ヶ月） ※上記は法定研修後3ヶ月間の最低保証額です★保障給制 ※交通費別途…
株式会社TCG ,正社員,400万円～1500万円
株式会社ワールドコーポレーション ,正社員,350万円～500万円
株式会社ネオ・コーポレーション ,正社員,500万円～1500万円
メットライフ生命保険株式会社 ,正社員,◆初任給月給：25万円または30万円 （基本給10万円+初期補給15万円または20万円）+業績給 ※初期補給の…
株式会社アドレア ,契約社員,360万円～600万円
株式会社セントラルアセット ,正社員,400万円～650万円
株式会社ホームワン ,正社員,400万円～500万円
ヴェル・ハウジング株式会社 ,正社員,300万円～700万円
株式会社大成社 ,正社員,430万円～1100万円
株式会社あきんどスシロー ,正社員,"月給21万5,000円〜 【月収例（店長）】 月収39万7,000円（内訳は以下の通り） 役職手当：16万円 住宅手…"
居藏管工株式会社 ,正社員,340万円～440万円
株式会社トライトキャリア ,正社員,◆月給23万円〜40万円+賞与年2回 ※年齢・経験・スキルを十分考慮の上、当社規定により優遇いたします …
小金井不動産株式会社 ,正社員,400万円～1000万円
メットライフ生命保険株式会社 ,正社員,【初任給月給】25万円または30万円 ※平均給与月額実績71.6万円（2018年度税込定例給与実績、賞与は除外…
株式会社REGALE ,正社員,700万円～3000万円
株式会社ドリームホーム ,正社員,300万円～500万円
イッセイコンサルタント株式会社 ,正社員,350万円～850万円
株式会社ジーアフター ,正社員,400万円～650万円
株式会社センス ,正社員,350万円～800万円
クラウンコンサルティング株式会社 ,正社員,300万円～550万円
株式会社ゼディアルーク ,正社員,月給18万円〜80万円 ＋ インセンティブ（プロジェクト単位での業績に応じる） ※あなたの経験・年齢を考…
株式会社手なおし屋 ,正社員,400万円～500万円
アップライブステージ株式会社 ,正社員,300万円～600万円
高松建設株式会社 ,正社員,420万円～750万円
株式会社エコ・エー ,正社員,300万円～700万円
エムケイ株式会社 ,正社員,400万円～700万円
株式会社グランデ ,正社員,400万円～1000万円
積水ハウス不動産関西株式会社 ,正社員,400万円～700万円
株式会社ガリレオコーポレーション ,正社員,500万円～2000万円
クルーガーグループ株式会社 ,正社員,450万円～850万円
株式会社阿部技建 ,正社員,400万円～500万円
悠悠ホーム株式会社 ,正社員,350万円～1000万円
株式会社グッドワークコミュニケーションズ ,正社員,350万円～800万円
株式会社Freedoming ,正社員,336万円～600万円
株式会社ウィザースホーム ,正社員,400万円～600万円
株式会社グランド1コーポレーション ,正社員,500万円～800万円
日本セキュリティ株式会社 ,正社員,■月給25万円〜40万円 + インセンティブ ＋ 賞与年2回 ※スキル・経験を考慮して決定いたします ※試用期…
株式会社リンクスタッフグループ ,正社員,■月給25万円〜40万円 + インセンティブ ＋ 賞与年2回 ※スキル・経験を考慮して決定いたします ※試用期…
株式会社祥福企画 ,正社員,300万円～510万円
大和総合住設株式会社 ,正社員,350万円～800万円
東宝ホーム株式会社 ,正社員,450万円～600万円
ディーピーティー株式会社 ,正社員,400万円～600万円
クレストジャパン株式会社 ,正社員,550万円～1000万円
エコトラスト株式会社 ,正社員,500万円～1000万円
株式会社ビルドイット ,正社員,400万円～675万円
株式会社エクストリンク ,正社員,月給28万円以上+インセンティブ ※入社半年の平均月収は43万円（業界高水準） ※試用期間中（2ヶ月間）は…
株式会社FGGコーポレーション ,正社員,300万円～1000万円
株式会社FGGコーポレーション ,正社員,400万円～700万円
木下工業株式会社 ,正社員,350万円～500万円
アートバンライン株式会社 ,正社員,400万円～500万円
アートバンライン株式会社 ,正社員,450万円～600万円
アートバンライン株式会社 ,正社員,500万円～650万円
Y&I Group株式会社 ,正社員,300万円～1000万円
日本交通株式会社 ,正社員,・試用期間中：月給25万円（3ヶ月） ※労働条件に変化なし ※早期に終了しても、 入社後3ヶ月間は月給25…
楽天モバイル株式会社 ,契約社員,351万円～510万円
株式会社H.I.T WORLD ,正社員,300万円～540万円
株式会社ソヴリックコーポレーション ,正社員,350万円～800万円
ブロードマインド株式会社 ,正社員,400万円～600万円
幸信電気株式会社 ,正社員,600万円～900万円
ケイアイスター不動産株式会社 ,正社員,400万円～700万円
さか電工株式会社 ,正社員,300万円～600万円
株式会社ロジカル ,正社員,350万円～400万円
ケイアイスター不動産株式会社 ,正社員,400万円～700万円
株式会社Human Investment ,正社員,350万円～500万円
株式会社comam ,正社員,月給／26万円以上　＋諸手当 ※年齢、経験、能力を考慮の上、優遇します。 ※待遇条件の詳細については…
有限会社エフォール ,業務委託,100万円～1000万円
可児建設株式会社 ,正社員,400万円～700万円
倉一建基株式会社 ,正社員,350万円～500万円
日本建物株式会社 ,正社員,400万円～700万円
Rセキュリティ株式会社 ,正社員,450万円～550万円
株式会社プレサンスコーポレーション ,正社員,350万円～1200万円
株式会社LUXSIA ,正社員,月給25万円〜45万円 + インセンティブ ★実際に月収70万円超えの社員も！ ★あなたの頑張りは、きちんと…
株式会社サーバントップ ,正社員,500万円～950万円
GMO TECH株式会社 ,正社員,300万円～1000万円
株式会社ノベルワークス ,正社員,月給27万〜54万円+諸手当+賞与 ※上記は最低保証金額です ※経験・能力を考慮の上、決定いたします ※試…
メットライフ生命保険株式会社 ,正社員,【初任給月給】25万円または30万円 ※初期補給の金額は前年度年収により決定。 個人成績に応じて3ヶ月ご…
エントロス株式会社 ,正社員,300万円～450万円
株式会社前平電機 ,正社員,"経験者…月給30万6,000円〜41万3,000円（実務経験5年程度の方） 未経験…月給20万6,000円以上 ▼完全週…"
株式会社京進 ,契約社員,月給20万円以上 ※経験や能力を考慮の上、決定します。 ・・・独立後・・・ 【年間モデル収益】 年間…
株式会社LTCパートナーズ ,正社員,420万円～532万円
株式会社UPSTART ,正社員,360万円～1000万円
株式会社マリオットバケーションクラブインターナショナル,契約社員,240万円～1500万円
株式会社ワンダー ,正社員,月給22万円〜60万円 ＋ インセンティブ + 諸手当 ※経験・能力を考慮の上、 　当社規定により優遇いたし…
株式会社マイホーム ,正社員,350万円～800万円
株式会社マリオットバケーションクラブインターナショナル,契約社員,300万円～450万円
フジミハウジング株式会社 ,正社員,600万円～1000万円
レイス株式会社 ,正社員,450万円～1050万円
レイス株式会社 ,正社員,450万円～1050万円
日本テンポラリーハウス株式会社 ,正社員,350万円～500万円
株式会社窪治組 ,正社員,300万円～550万円
リアルティ株式会社 ,正社員,400万円～800万円
株式会社松陰会舘 ,正社員,380万円～560万円
株式会社インターレイズ ,正社員,280万円～350万円
株式会社京進 ,FCオーナー,【年間モデル収益】 年間平均生徒数が60名の場合 ◎年間売上／2733万円 ・授業料、入学料　他 ◎年間諸費…
大長産業株式会社 ,正社員,360万円～420万円
スカイジャパン株式会社 ,正社員,400万円～600万円
丸栄産業株式会社 ,正社員,450万円～800万円
アパルトマンイクシーズ株式会社 ,正社員,350万円～1000万円
株式会社阿部建設 ,正社員,400万円～500万円
株式会社テクトン ,正社員,300万円～900万円
株式会社アイダ設計 ,正社員,350万円～750万円
光和電設株式会社 ,正社員,月給27万円以上 ＋ 諸手当 ※年齢、経験、能力を考慮の上、優遇します。 ※待遇条件の詳細については、…
積水ハウス不動産中国四国株式会社 ,正社員,"月給21万3,500円以上＋業績手当+残業手当＋賞与2回＋決算賞与 ※経験・能力等を考慮の上、決定します。 …"
クリーンデバイス・テクノロジー株式会社,FCオーナー,完全出来高制 1台約1〜2時間で2万1000円の利益が得られるビジネスです サービス販売価格：1台平均3万50…
株式会社日本総合ビジネス ,正社員,300万円～600万円
株式会社OMY ,契約社員,300万円～600万円
株式会社ヨシナガ工業 ,正社員,425万円～600万円
株式会社アイシーイノベーション ,正社員,350万円～530万円
アパルトマンイクシーズ株式会社 ,正社員,245万円～300万円
和泉地所株式会社 ,正社員,450万円～600万円
株式会社ファーラウト ,正社員,240万円～1000万円
株式会社タイセイリサイクル ,正社員,350万円～450万円
株式会社トラスト不動産 ,正社員,月給20万円〜37万円＋インセンティブ（仲介手数料の10%を支給） ※年齢・経験を考慮の上、当社規定によ…
株式会社浜石工務店 ,契約社員,350万円～1000万円
株式会社朝日写真ニュース社 ,正社員,300万円～450万円
株式会社ユースリー ,正社員,300万円～600万円
株式会社フォーカスタマーズ ,正社員,350万円～550万円
株式会社フットワーク ,正社員,328万円～900万円
株式会社カクダイホーム ,正社員,350万円～600万円
株式会社キャリアサービス ,正社員,500万円～1000万円
株式会社ディークラフト ,正社員,360万円～780万円
株式会社あんしんマイホーム ,正社員,500万円～2000万円
朝日土地建物株式会社,正社員,500万円～1000万円
洋伸建設株式会社 ,正社員,400万円～550万円
株式会社フォートップス ,正社員,月給28万円〜100万円 ※経験・能力を考慮のうえ優遇いたします。 【月収例】 ◎店長経験者 35万円（各種…
株式会社エス・エル・エス福岡 ,正社員,550万円～800万円
四国化工建設株式会社 ,正社員,"未経験者 月給220,000円以上＋諸手当 経験者　 月給310,000円以上＋諸手当 ※年齢、経験、能力を考慮の…"
株式会社レジット ,正社員,300万円～800万円
不二装備工業株式会社 ,正社員,320万円～500万円
株式会社国際技術コンサルタンツ ,正社員,300万円～500万円
株式会社ファースト ,正社員,450万円～650万円
CPAエクセレントパートナーズ株式会社 ,正社員,550万円～800万円
株式会社ゲッコー ,正社員,350万円～650万円
株式会社メディエイド ,正社員,500万円～900万円
株式会社丸八ダイレクト ,正社員,月給25万円〜27万円＋フォローアップ手当5万円(入社後4ヶ月間)＋報奨金 ※勤務地により異なります。 ※試…
株式会社ネオート ,正社員,400万円～600万円
HULK建設株式会社 ,正社員,400万円～800万円
株式会社AMBITION ,正社員,月給25〜50万円 ※経験・スキル等を考慮し、当社規定により決定いたします。 ※上記には固定残業代（5万…
アクサ生命保険株式会社 ,正社員,400万円～1000万円
社会福祉法人ひまわり会 ,正社員,380万円～450万円
株式会社サンドリア ,正社員,350万円～500万円
株式会社CRUD nop ,正社員,350万円～900万円
株式会社ヒューマンアイズ ,正社員,300万円～600万円
株式会社ソーケン ,正社員,300万円～400万円
株式会社スタイリッシュホーム ,正社員,400万円～800万円
株式会社TERASS ,業務委託,100万円～2000万円
エーシー企画株式会社 ,正社員,580万円
株式会社日本アムスコ ,正社員,"◆大卒：月給20万2,000円〜 ◆院卒：月給20万8,000円〜 ※上記は新卒・未経験の最低保証給となります。 …"
株式会社ほけんショップアイ ,正社員,"月給20万円〜48万5,227円 ※経験・年齢を考慮の上、当社規定により優遇します。 ※試用期間6ヶ月あり、…"
御幸建設株式会社 ,正社員,400万円～800万円
株式会社キントウン ,正社員,350万円～650万円
株式会社大登 ,正社員,300万円～700万円
株式会社ヤマキ ,正社員,400万円～650万円
株式会社マツミ ,正社員,【月給】22万〜45万円＋インセンティブ ※入社前のご経験などを総合的に評価、優遇します ※試用期間3か…
FUJITSU UT株式会社 ,正社員,250万円～400万円
株式会社wings ,正社員,350万円～450万円
東山管理センター株式会社 ,正社員,300万円～600万円
株式会社ドリームジャック ,正社員,420万円～600万円
株式会社大軌 ,正社員,400万円～600万円
株式会社曙佳源 ,正社員,月給23万円〜 ※年齢、経験、能力を考慮の上、当社規程により決定いたします。
株式会社めいしんグループ ,正社員,290万円～1000万円
株式会社ファイン ,正社員,350万円～450万円
株式会社太田興産 ,正社員,340万円～400万円
株式会社前川造園土木 ,正社員,300万円～600万円
株式会社フィット ,正社員,300万円～1000万円
冨士自動車株式会社 ,正社員,480万円～800万円
株式会社海山組 ,正社員,500万円～700万円
株式会社ワークナビ.com ,正社員,450万円～600万円
東葉技建株式会社 ,正社員,360万円～900万円
松田土木工業株式会社 ,正社員,350万円～550万円
株式会社ライフエージェント ,正社員,350万円～450万円
株式会社晃和コンサルタント ,正社員,月給20万5000円〜40万円 + 通勤手当（5000円〜）＋諸手当 ＜モデル例＞ ・年収500万円／20代／建設コン…
株式会社エス・ケー・アイ ,正社員,420万円～600万円
三喜工業株式会社 ,正社員,435万円～725万円
株式会社今井自動車教習所 ,正社員,250万円～450万円
信盛物流株式会社 ,正社員,●日勤：月給37万円以上 ●夜勤：月給39万円以上 ※月給には一律手当を含む ※経験・能力を考慮の上、決…
株式会社興徳クリーナー ,正社員,"■月給18万円〜25万7,000円＋残業代100％支給＋諸手当＋賞与年2〜3回 【月収45万以上の社員が多数！】 …"
株式会社タイセイ ,正社員,400万円～530万円
株式会社エイコーレンタサービス ,正社員,月給24万円〜＋インセンティブ＋賞与年2回 ※経験・スキル・年齢を考慮の上、決定します。 ※上記金額に…
アクティホームズ株式会社 ,正社員,350万円～600万円
ケイエイツー株式会社 ,正社員,月給25万円〜35万円 + 諸手当 ※年齢、経験、能力を考慮の上、優遇します。 ※最長3ヶ月間の試用期間あ…
新日本住建株式会社 ,正社員,300万円～500万円
株式会社ワークステーション ,FCオーナー,1日軽自動車5台/20日稼働の場合 1台1万8000円×5台×20日＝月商180万円 └液剤：1台2695円×5台×20日＝2…
株式会社ARS ,正社員,400万円～600万円
株式会社東名 ,正社員,"■月給27万円以上＋各種手当＋インセンティブ （上記には固定残業35時間／70,000円以上を含む） ※経験…"
株式会社アクト ,正社員,350万円～500万円
Bigmac株式会社 ,正社員,◆月給17万〜50万円 ＜平均年収＞ 300万円〜600万円 ※これまでの経験・能力等を十分に考慮し、当社規…
株式会社Y’S GARAGE ,正社員,350万円～600万円
株式会社メディカルアシスト ,正社員,月給30万円以上＋インセンティブ ＼インセンティブについて／ ★スポットで担当する案件の契約額×20%を…
株式会社Y’S GARAGE ,正社員,300万円～500万円
株式会社北浦板金 ,正社員,【1】週休制／月給30万円以上 【2】週休2日制／月給28万8000円以上 【3】完全週休2日制／月給26万4000円…
株式会社SAMURAI ,正社員,月給20万円〜50万円 ※経験・年齢・スキルを考慮の上、優遇致します。 【年収例】 未経験入社1年目:年収…
株式会社ケーシーエス ,正社員,"■月給18万円〜25万7,000円＋諸手当＋賞与年2回 ※残業代100％支給 ★月収45万円以上の社員もいます！ …"
株式会社LIV ,正社員,300万円～700万円
株式会社ケーシーエス・エス ,正社員,300万円～480万円
株式会社近畿サービス ,正社員,350万円～450万円
株式会社エム・シー・ピー ,正社員,450万円～850万円
ロビンスジャパン株式会社 ,正社員,450万円～700万円
株式会社関塾 ,正社員,400万円～500万円
ソーシャルインクルー株式会社 ,正社員,360万円～600万円
株式会社マリーロード ,正社員,■月給20万2600円〜23万4600円＋諸手当＋時間外手当（残業をした場合全額支給）＋賞与（年2回） ※経験…
株式会社コンセプト ,正社員,360万円～450万円
日本コンセントリクス株式会社 ,契約社員,340万円～380万円
株式会社エフテック ,正社員,月給30万円〜45万円 ※経験・年齢・能力を考慮のうえ、決定致します。 ※試用期間3ヶ月(期間中の待遇に…
イオングリーン電力株式会社 ,正社員,500万円～800万円
株式会社リクルート北関東マーケティング ,正社員,350万円～450万円
株式会社小山電機工事 ,正社員,月給30万円〜50万円 ＼前職給与考慮／ ※年齢・経験・能力を考慮のうえ、決定。 ※試用期間あり（最大3…
株式会社大通 ,正社員,450万円～700万円
株式会社エフ・アール・エス ,正社員,500万円～1000万円
株式会社倉嶋自動車商会 ,正社員,320万円～400万円
株式会社ヴェス ,正社員,300万円～850万円
株式会社川村インターナショナル ,正社員,340万円～700万円
nts株式会社 ,正社員,400万円～600万円
タウンクロス株式会社 ,正社員,350万円～450万円
株式会社ユニヴィスコンサルティング ,正社員,400万円～800万円
株式会社司興業 ,正社員,月給：35万円〜70万円 ※年齢、経験、能力を考慮の上、優遇いたします ※上記には固定残業手当（45時間分…
株式会社エーライド ,正社員,■月給23万円〜35万円＋インセンティブ ※45時間分・5万4225円〜7万円のみなし残業手当含む（超過分は別…
株式会社ワイズ高橋 ,正社員,月給25万円以上＋歩合給 (営業経験者は毎月+5万円の手当支給！) ※試用期間3〜6ヵ月あり(期間中、待遇に…
株式会社大黒屋 ,正社員,350万円～450万円
鶴ホーム株式会社 ,正社員,450万円～800万円
有限会社ヤマテック ,正社員,"月給195,000円〜340,000円 + 諸手当 + 賞与年2回 ※年齢・経験・スキルを十分考慮の上、当社規定により…"
株式会社ホワイトライン ,正社員,360万円～600万円
上海中和軟件有限公司 ,契約社員,540万円～1200万円
株式会社フリーテンポ ,正社員,350万円～450万円
株式会社EnjoyLifeCompany ,正社員,月給20万円〜45万円＋インセンティブ＋賞与年2回 ※経験・能力を考慮して決定いたします ※上記には月40…
株式会社鶴電工業 ,正社員,300万円～500万円
株式会社エールホーム ,正社員,500万円～1000万円
有限会社コウチョウ運輸 ,正社員,"月給200,000円〜270,000円 + 諸手当 【モデル月収例】 月収50万円／40代／（入社8年目） 月収30万円／30…"
株式会社福岡地行 ,正社員,450万円～800万円
株式会社ビズアップ総研 ,正社員,600万円～1000万円
アキバネクサス株式会社 ,業務委託,500万円～1000万円
株式会社メイプルリビングサービス ,正社員,300万円～500万円
蒼翠税理士法人 ,正社員,420万円～850万円
株式会社ミナカミ ,正社員,月給 18万円〜22万円 ※経験・年齢を考慮の上、当社規定により優遇します。 ※試用期間6ヵ月（その間の給…
株式会社沖縄ユーポス ,正社員,月給20万円〜30万円 ＋ 諸手当 ＋ インセンティブ ※経験・スキルを考慮して給与を決定します。 　詳し…
日本建物株式会社 ,正社員,月給25万円〜＋交通費＋資格手当＋インセンティブ＋報奨金あり ※役職によって固定給は上がっていきます…
株式会社清光社 ,正社員,250万円～450万円
株式会社環境設備 ,正社員,月給20万円〜 ＋ 歩合給 ＋ 諸手当 ＜モデル例＞ ★月収52万円／入社1年目 ※浄化槽工事は1件あたり70…
株式会社逢慈 ,正社員,月給21万円〜+諸手当+インセンティブ＋賞与(年2回) ※上記は最低保証金額です ※経験・能力を考慮の上、…
株式会社ストラテジックディシジョン ,正社員,450万円～1000万円
東北YKホーム株式会社 ,正社員,"月給230,000円以上 ※経験、年齢等を考慮し当社規定ににより優遇します ※試用期間3ヵ月間も給与変動なし"
株式会社建築資料研究社 ,正社員,350万円～550万円
昭和エンジニアリング株式会社 ,契約社員,600万円～1080万円
株式会社サンプラン ,正社員,550万円～1000万円
株式会社グッピーズ ,正社員,305万円～510万円
株式会社渡辺組 ,正社員,450万円～550万円
株式会社若狭サービス社 ,正社員,月給25万円以上 ＋ 諸手当 ※経験や年齢を考慮し決定します。 ※試用期間3ヵ月間あり（ 給与の変動なし …
株式会社ホンダクリオ南海 ,正社員,400万円～500万円
株式会社ＩＢＪ ,正社員,430万円～850万円
株式会社アビックスコーポレーション ,正社員,350万円～950万円
株式会社ベストホーム ,正社員,月給22万円以上 ※経験・能力・スキル等を考慮の上、当社規定により決定します。
大志株式会社 ,正社員,350万円～700万円
西日本高速道路エンジニアリング中国株式会社 ,正社員,月給：21万円以上+諸手当 ※経験・年齢・スキルを考慮の上、決定します。 ※入社1年は契約社員として雇…
グラングッド不動産株式会社 ,正社員,"(１)月給21万8,000円以上 ＋ 諸手当 ★最大歩合率40％ (２)月給26万8,000円以上 ＋ 諸手当 ★最大歩合率…"
関東総合設備工事株式会社 ,正社員,300万円～350万円
株式会社AZEAL BRANDING ,正社員,300万円～1000万円
ONODA株式会社 ,正社員,"月給40万円〜（別途交通費支給） ※上記金額にはみなし残業代（月40時間分／91,000円〜）を含みます。み…"
株式会社Vヴィズリア ,正社員,220万円～700万円
株式会社丸二製作所 ,正社員,月給21万円〜30万円＋各種手当＋賞与年２回 ※経験・年齢を考慮の上、当社規定により決定します ※上記…
株式会社Life Next ,正社員,400万円～1500万円
株式会社Forward ,業務委託,完全出来高制(1件あたり案件160円〜200円) ★週払いOK！ ★月収50〜60万円は充分可能 ※荷物単価160円…
株式会社有藤商店 ,正社員,350万円～600万円
株式会社プログランス ,正社員,月給25万円〜40万円+インセンティブ 別途手当あり ※経験・年齢を考慮の上、当社規定により優遇します …
新日本ネクステート株式会社 ,業務委託,500万円～1200万円
株式会社KDDIエボルバ ,正社員,300万円～400万円
有限会社高本鑑定事務所 ,正社員,300万円～600万円
コスモコントロール株式会社 ,正社員,360万円～700万円
株式会社ＴＨＲＥＥ ,正社員,400万円～550万円
I-PEX株式会社 ,正社員,450万円～750万円
アクリーコンサルティング株式会社 ,正社員,540万円～800万円
大賀建設株式会社 ,正社員,月給 22万円〜23万1000円 ＋(各種手当)＋(借上車両手当※月2万4000円)＋(インセンティブ） ※年齢やこれ…
京和ブロンズ株式会社 ,正社員,350万円～500万円
三重機械鉄工株式会社 ,正社員,300万円～530万円
株式会社マツミ ,正社員,【月給】22万〜45万円＋インセンティブ ※入社前のご経験などを総合的に評価、優遇します ※試用期間3か…
株式会社西家 ,正社員,600万円～2000万円
想いコーポレーション株式会社 ,正社員,300万円～1200万円
想いコーポレーション株式会社 ,正社員,300万円～1200万円
札幌北交ハイヤー株式会社 ,正社員,250万円～500万円
株式会社埼玉磐根 ,正社員,350万円～500万円
郡司建設株式会社 ,正社員,420万円～600万円
株式会社札幌解体建設 ,正社員,330万円～400万円
株式会社ヒノマル架設 ,正社員,"日給1万5,000円〜2万3,000円 【月収例】 月収46万円 日給1万5000円25日+諸手当（21歳・経験2年） 月収60…"
株式会社中国道路施設 ,正社員,月給20万円 〜 30万円 +インセンティブ制度あり +賞与年2回 ※経験や年齢、スキル等を考慮の上、当社規…
株式会社モリコーポレーション ,正社員,300万円～480万円
合資会社東洋電機制御 ,正社員,月給17万円〜＋諸手当 ※年齢、経験、能力を考慮の上、優遇します。 ※最長1ヶ月間の試用期間あり(待遇…
カオンメディアジャパン株式会社 ,正社員,年俸600万円〜800万円 ※前職や経験、スキルを考慮の上、優遇いたします。
フルカワ工業株式会社 ,正社員,280万円～400万円
株式会社三矢 ,正社員,350万円～500万円
株式会社名光電気 ,正社員,300万円～500万円
株式会社大平基礎 ,正社員,"●経験者／月給32万5,000円〜45万5,000円 ●未経験者／月給19万5,000円〜31万5,000円 【モデル月収例】 …"
株式会社ウッドヴェル ,正社員,"▼入社1ヶ月目 月給 300,000円以上 ＋ インセンティブ ＋ 諸手当 ▼2ヶ月目以降 月給 200,000円以上 ＋ …"
入江運輸倉庫株式会社 ,正社員,350万円～500万円
平安衛生開発株式会社 ,正社員,"月給24万円〜27万円 ※年齢・経験・スキルによって考慮します ※試用期間3ヶ月（期間中は日給8,000円） …"
株式会社サン・サービス ,正社員,400万円～650万円
新日本リース株式会社 ,正社員,300万円～450万円
株式会社グロリアース ,正社員,月給／23万円〜 ＋ 諸手当 ＋ インセンティブ ※年齢、経験、能力を考慮の上、優遇します。 ※試用期間…
ダイケン株式会社 ,正社員,月給25万〜35万円+歩合給 ※経験・能力などを考慮の上、優遇いたします ※試用期間3ヶ月あり(待遇は変わ…
株式会社名神建工 ,正社員,500万円～600万円
若松建設株式会社 ,正社員,300万円～500万円
北摂工業株式会社 ,正社員,280万円～480万円
株式会社Let's ,正社員,300万円～550万円
株式会社日本セイユ― ,正社員,300万円～600万円
株式会社井沢設計 ,正社員,520万円～600万円
有限会社浪速酸素商会 ,正社員,"月給207,200円〜287,000円 ＋インセンティブ ※上記はあくまで最低保証額です。年齢、経験、能力を考慮…"
株式会社ヘヤミセ ,正社員,250万円～400万円
株式会社富士鳩急送 ,正社員,月給25万円〜37万円（一律諸手当含む） ＜収入例＞ ★大型トラック／月収35万円／年収450万円
有限会社福岡紙業 ,正社員,300万円～450万円
株式会社カワテ ,正社員,400万円～700万円
株式会社アイプロホールディングス ,正社員,360万円～780万円
寺本運輸倉庫株式会社 ,正社員,◆月給21万円〜45万円 ＜モデル年収＞ 320万円／経験1〜5年 420万円／経験6〜9年 520万円／経験10年〜 …
MIGホールディングス株式会社,FCオーナー,<売上：1日平均17万円、月間442万円> 関東 横田商店、MURATA ▲商品仕入：331万5000 円 ▲人件費：7万200…
株式会社リンクス ,正社員,350万円～450万円
株式会社ライフスタイル ,業務委託,350万円～1500万円
株式会社サンモト ,正社員,月給／20万円〜35万円 ＋ インセンティブ ＋ 諸手当 ※上記はあくまで最低保証額です。 　年齢、経験、…
株式会社トラスト ,業務委託,完全出来高制（1件につき平均6000円〜15000円） 【月収例】 売上92万円（35歳、経験2年） 売上166万円（…
株式会社城西自動車学校 ,正社員,"【月給】 140,000円 〜 400,000円　＋　諸手当 ※上記の下限値はあくまで最低保証額です。 　経験・資格…"
リスロン株式会社 ,業務委託,400万円～750万円
リコーテック株式会社 ,正社員,252万円～1200万円
株式会社KEnKI ,正社員,"日給月給制：194,400円〜259,200円+各種手当 ★スキルを身につければ月収45万円以上目指すことも可能！ …"
株式会社サンガアソシエイツ ,正社員,300万円～1000万円
株式会社ウメケン ,正社員,"月給／25万円〜50万円 ＋ 諸手当 ※経験により優遇します 【モデル月収】 375,000円／経験5年 ※頑張り…"
田中通信工業株式会社 ,正社員,■月給 20万円〜25万円 ※年齢、経験、能力を考慮の上、優遇いたします ※試用期間3ヶ月（待遇変化なし…
有限会社朝日新聞末津新聞舗 ,正社員,300万円～500万円
長田広告株式会社 ,正社員,300万円～500万円
株式会社フリックス ,業務委託,500万円～1000万円
アイデックス株式会社 ,正社員,330万円～430万円
野間ガスサービス株式会社 ,正社員,300万円～400万円
大庭社会保険労務士事務所 ,正社員,350万円～1000万円
富士防災警備株式会社 ,正社員,"月給280,000〜350,000円＋各種手当 ※年齢や経験、能力等を考慮して、当社規定により優遇致します。 ※…"
株式会社REAL ,業務委託,400万円～900万円
新中央航空株式会社 ,正社員,350万円～500万円
株式会社ケミックス ,正社員,300万円～400万円
日進陸運株式会社 ,正社員,320万円～440万円
株式会社アイ・ビル・サービス ,正社員,380万円～650万円
ケミックス東海株式会社 ,正社員,400万円～500万円
東建コーポレーション株式会社 ,正社員,400万円～800万円
東建コーポレーション株式会社 ,正社員,400万円～800万円
東建コーポレーション株式会社 ,正社員,400万円～800万円
東建コーポレーション株式会社 ,正社員,400万円～800万円
東建コーポレーション株式会社 ,正社員,400万円～800万円
三ツ矢鉄工株式会社 ,正社員,月給25万円〜35万円＋諸手当＋賞与年2回 ※経験・能力・年齢を考慮の上、当社規定により決定いたします …
東建コーポレーション株式会社 ,正社員,400万円～800万円
株式会社福コンサルタント ,正社員,540万円～800万円
株式会社ケー・イー・シー ,正社員,300万円～500万円
株式会社PRIME ,パート・アルバイト,"時給1,100円〜5,000円 【給与例】 ・初月→【50,000円】GET！ （平均40時間業務/時給換算1,250円） ・2…"
株式会社ユキ設備 ,正社員,月給26万円〜 ＜モデル例＞ 月収30万円／管工事施工管理技士（2級） ※年齢、経験、能力を考慮の上、…
株式会社reclaim ,正社員,320万円～600万円
株式会社センシン ,正社員,350万円～600万円
株式会社バーンフュージョン ,一般派遣,290万円～300万円
株式会社ウンノハウス ,正社員,480万円～560万円
株式会社マイプレイス ,正社員,380万円～600万円
株式会社バーンフュージョン ,契約社員,340万円～350万円
株式会社中央建設コンサルタント ,正社員,月給18万9000円〜 ※上記はあくまで最低保証です。 　年齢、経験、能力を考慮の上、優遇します。 ※最長…
株式会社ウンノハウス ,正社員,480万円～640万円
株式会社ウンノハウス ,正社員,480万円～800万円
株式会社ウンノハウス ,正社員,400万円～560万円
株式会社バーンフュージョン ,契約社員,300万円～350万円
株式会社ウンノハウス ,正社員,490万円～800万円
株式会社福岡技建工業 ,正社員,月給25万円〜＋歩合＋諸手当 ※経験、能力を考慮の上、優遇します。 ※最長3ヶ月間の試用期間あり(待遇…
株式会社タクマ ,正社員,490万円～770万円
株式会社ア・ビュー ,正社員,月給21万4100円以上 ※あなたの経験や能力に応じて、決定します。 ※試用期間3ヶ月（待遇に変更なし）
株式会社砂建 ,正社員,【 週休2日 】 月給22万〜55万円＋諸手当 【 完全週休2日 】 月給20万〜45万円＋諸手当 ★ふたつの働き…
株式会社タクマ ,正社員,490万円～770万円
株式会社パーフェクション ,正社員,324万円～720万円
株式会社タクマ ,正社員,490万円～700万円
株式会社クラシコ ,正社員,300万円～1500万円
株式会社タクマ ,正社員,490万円～700万円
株式会社タクマ ,正社員,490万円～700万円
株式会社パーフェクション ,正社員,324万円～620万円
くにうみＡＩ証券株式会社 ,正社員,"月給200,000円〜400,000円＋インセンティブ報酬 ※経験・能力・スキル等を考慮して決定します。 ※試用…"
株式会社タクマ ,正社員,490万円～700万円
株式会社タクマ ,正社員,490万円～770万円
平松電気工事株式会社 ,正社員,300万円～450万円
株式会社當木工事 ,正社員,月給：25万円〜50万円 ※年齢・経験・能力を考慮の上、優遇いたします。 ※試用期間6ヵ月あり（条件面の…
株式会社ケンオウ ,正社員,370万円～550万円
スリーエムホーム兵庫株式会社 ,正社員,【1／大卒以上・建築系の専門学校卒】 月給25万円以上 ＋ インセンティブ ＋ 賞与年2回 【2／建築系以外…
スリーエムホーム高知株式会社 ,正社員,月給25万円 ＋ インセンティブ ＋ 賞与年2回 ※残業の有無に関わらず、20時間／5万円分の固定残業代が含…
ECテクノス株式会社 ,正社員,330万円～430万円
株式会社阪栄 ,正社員,400万円～500万円
株式会社大濠地所 ,正社員,"月給220,000円〜250,000円 + 諸手当 ※上記はあくまで最低保証額です。 　年齢、経験、能力を考慮の上、…"
株式会社スカイフィールドコーポレーション ,正社員,550万円～900万円
メットライフ生命保険株式会社 ,正社員,初任給月給25万円または30万円 ＋ 業績給 （初任給月給は、基本給10万円 ＋ 初期補給15万円または20万円…
株式会社美雪興業 ,正社員,300万円～600万円
株式会社丸松ササキ工業 ,正社員,月給／26万円〜35万円(一律手当含む) ※施工管理技士などの資格や経験を考慮し決定します。 ※試用期間(…
株式会社木村土建 ,正社員,【月給】 ◆1級建築施工管理技士資格者：40万円〜 ◆2級建築施工管理技士資格者：30万円〜 ◆現場経験者(…
株式会社ミラージュ ,正社員,"■月給300,000円 〜 500,000円 〔モデル年収例〕 年収560万円/20代/入社2年目 年収600万円/40代/入社7…"
株式会社丸松ササキ工業 ,正社員,月給／24万円〜28万円(一律手当含む) ※資格・経験を考慮し決定します。 ※試用期間(3ヵ月)も条件に変更…
株式会社加藤建設 ,正社員,450万円～700万円
株式会社アジア技術コンサルタンツ ,正社員,月給25万円〜57万円 + 諸手当 ※年齢、経験、能力を考慮の上、優遇します。 ※月給には一律手当を含みま…
生和コーポレーション株式会社 ,正社員,◆月給30万円〜＋50万円＋出来高成果給＋報奨金 ※業界屈指の高歩合率！ ※月給には一律支給の外勤手当…
株式会社砂建 ,正社員,308万円～560万円
株式会社TMフーズ ,正社員,年俸制：300万円〜450万円 【モデル年収】入社6年年収600万／入社3年年収400万　 ※年俸制の場合、年俸…
株式会社マリネット ,正社員,年俸制300万円〜600万円 【モデル年収】入社6年年収600万／入社3年年収400万　 ※1/12を月々支給致しま…
株式会社総合資格 ,正社員,500万円～700万円
株式会社総合資格 ,正社員,500万円～700万円
